{
  "total_epochs": 10,
  "completed_epochs": 10,
  "elapsed_time": "0:00:20",
  "train_losses": [
    5.922737429218907,
    5.2690596272868495,
    5.165993828927317,
    5.136128825526083,
    5.149252322412306,
    5.132894762100712,
    5.118298299850956,
    5.10577223377843,
    5.0453423069369405,
    5.036591252973003
  ],
  "val_losses": [
    5.326463937759399,
    5.575118958950043,
    5.706250160932541,
    5.853654682636261,
    5.967339634895325,
    6.023973703384399,
    6.241140514612198,
    6.285722732543945,
    6.014184653759003,
    6.400531888008118
  ],
  "best_val_loss": 5.326463937759399,
  "final_train_loss": 5.036591252973003,
  "final_val_loss": 6.400531888008118,
  "test_loss": 5.392796312059675,
  "test_accuracy": 17.68867924528302,
  "test_samples": 106,
  "final_time": "2025-11-06T14:32:05.549954"
}