{
  "total_epochs": 3,
  "completed_epochs": 3,
  "elapsed_time": "0:00:06",
  "train_losses": [
    5.077127070466349,
    4.829712402722067,
    4.787429632234179
  ],
  "val_losses": [
    4.623271999687984,
    4.714695568742423,
    4.73720907342845
  ],
  "best_val_loss": 4.623271999687984,
  "final_train_loss": 4.787429632234179,
  "final_val_loss": 4.73720907342845,
  "test_loss": 4.58536939267759,
  "test_accuracy": 21.378504672897197,
  "test_samples": 214,
  "final_time": "2025-11-06T14:24:01.261700"
}